'name','output','flag','username','timestamp'
'Kamen
','Greetings young man Kamen
!!','','','2022-07-01 01:26:37.249091'
'Kamen
','Greetings young man Kamen
!!','','','2022-07-01 01:26:38.830026'
'Kamen
','Greetings young man Kamen
!!','','','2022-07-01 01:26:39.011411'
'Hello, my friend','Greetings young man Hello, my friend!!','','','2022-07-01 21:05:57.757907'
'Hello, my friend','Greetings young man Hello, my friend!!','','','2022-07-01 21:05:58.079589'
'Hello, my friend','Greetings young man Hello, my friend!!','','','2022-07-01 21:05:58.240587'
'Hello, my friend','Greetings young man Hello, my friend!!','','','2022-07-01 21:05:58.385589'
'Hello, I feel good','','','','2022-07-02 00:42:53.063832'
